1001,4,"Hleb",40,3
1002,3,"Pivo Heineken",120,4
1002,3,"Pivo Heineken",110,2
1002,3,"Pivo Heineken",100,1
1003,4,"Mleko",60,2
1004,3,"Cokolada Milka",100,2
1002,3,"Pivo Heineken",120,-4
1002,3,"Pivo Heineken",110,-2
1001,4,"Hleb",40,1
END_OF_SALE,0,0,0,0,0
PAY_DEBIT,0,"Prvo placanje",120,0,0
PAY_CHEQUE,0,"Drugo placanje",100,0,0
PAY_CASH,0,"Trece placanje",300,0,0
PAY_DEBIT,0,"Cetvrto placanje",80,0,0
END_OF_PAY,0,0,0,0,0
USER_ID,0,0999,0,0,0
user_NaME,0,"Kasir Pera",0,0,0
fOoTer_1,0,"Footer prvi red",0,0,0
FOOTER_2,0,"Footer drugi red",0,0,0
FOOTER_3,0,"Footer treci red",0,0,0
FOOTER_4,0,"Footer cetvrti red",0,0,0
