<?xml version="1.0" encoding="UTF-8" standalone="yes"?>  <DATAPACKET Version="2.0"><METADATA><FIELDS><FIELD attrname="ART_ID" fieldtype="string" WIDTH="20"/><FIELD attrname="TAX_ID" fieldtype="string" WIDTH="1"/><FIELD attrname="ART_DESC" fieldtype="string" WIDTH="50"/><FIELD attrname="SALE_PRICE" fieldtype="fixedFMT" DECIMALS="2" WIDTH="10"/><FIELD attrname="SALE_QTY" fieldtype="fixedFMT" DECIMALS="3" WIDTH="10"/><FIELD attrname="DISC_PERC" fieldtype="fixedFMT" DECIMALS="2" WIDTH="10"/><FIELD attrname="DISC_ABS" fieldtype="fixedFMT" DECIMALS="2" WIDTH="10"/><FIELD attrname="IND_SALE" fieldtype="string" WIDTH="10"/></FIELDS><PARAMS LCID="0"/></METADATA><ROWDATA><ROW ART_ID="1001" TAX_ID="4" ART_DESC="Hleb" SALE_PRICE="40.00" SALE_QTY="3.000" /><ROW ART_ID="1002" TAX_ID="3" ART_DESC="Pivo Heineken" SALE_PRICE="120.00" SALE_QTY="4.000" /><ROW ART_ID="1002" TAX_ID="3" ART_DESC="Pivo Heineken" SALE_PRICE="110.00" SALE_QTY="2.000"/><ROW ART_ID="1002" TAX_ID="3" ART_DESC="Pivo Heineken" SALE_PRICE="100.00" SALE_QTY="1.000"/><ROW ART_ID="1003" TAX_ID="4" ART_DESC="Mleko" SALE_PRICE="60.00" SALE_QTY="2.000"/><ROW ART_ID="1004" TAX_ID="3" ART_DESC="Cokolada Milka" SALE_PRICE="100.00" SALE_QTY="2.000" /><ROW ART_ID="1002" TAX_ID="3" ART_DESC="Pivo Heineken" SALE_PRICE="120.00" SALE_QTY="-4.000" /><ROW ART_ID="1002" TAX_ID="3" ART_DESC="Pivo Heineken" SALE_PRICE="110.00" SALE_QTY="-2.000"/><ROW ART_ID="1001" TAX_ID="4" ART_DESC="Hleb" SALE_PRICE="40.00" SALE_QTY="1.000"/><ROW ART_ID="END_OF_SALE"/><ROW ART_ID="PAY_DEBIT" ART_DESC="Prvo placanje" SALE_PRICE="120.00"/><ROW ART_ID="PAY_CHEQUE" ART_DESC="Drugo placanje" SALE_PRICE="100.00"/><ROW ART_ID="PAY_CASH" ART_DESC="Trece placanje" SALE_PRICE="300.00"/><ROW ART_ID="PAY_DEBIT" ART_DESC="Cetvrto placanje" SALE_PRICE="80.00"/><ROW ART_ID="END_OF_PAY"/><ROW ART_ID="USER_ID" ART_DESC="0999"/><ROW ART_ID="USER_NAME" ART_DESC="Kasir Pera"/><ROW ART_ID="FOOTER_1" ART_DESC="Footer prvi red"/><ROW ART_ID="FOOTER_2" ART_DESC="Footer drugi red"/><ROW ART_ID="FOOTER_3" ART_DESC="Footer treci red"/><ROW ART_ID="FOOTER_4" ART_DESC="Footer cetvrti red"/></ROWDATA></DATAPACKET>