<?xml version="1.0" encoding="UTF-8" standalone="yes"?>  <DATAPACKET Version="2.0"><METADATA><FIELDS><FIELD attrname="FMIN_CODE" fieldtype="string" required="true" WIDTH="10"/><FIELD attrname="DTM_ZET" fieldtype="string" WIDTH="25"/><FIELD attrname="TRM_ID" fieldtype="string" WIDTH="10"/><FIELD attrname="DTM_TRAN" fieldtype="string" required="true" WIDTH="25"/><FIELD attrname="BON_ID" fieldtype="i4"/><FIELD attrname="USR_ID" fieldtype="string" WIDTH="10"/><FIELD attrname="ART_ID" fieldtype="string" WIDTH="20"/><FIELD attrname="TAX_ID" fieldtype="string" WIDTH="1"/><FIELD attrname="ART_DESC" fieldtype="string" WIDTH="50"/><FIELD attrname="SALE_PRICE" fieldtype="fixedFMT" DECIMALS="2" WIDTH="18"/><FIELD attrname="SALE_QTY" fieldtype="fixedFMT" DECIMALS="3" WIDTH="18"/><FIELD attrname="DISC_PERC" fieldtype="fixedFMT" DECIMALS="2" WIDTH="18"/><FIELD attrname="DISC_ABS" fieldtype="fixedFMT" DECIMALS="2" WIDTH="18"/><FIELD attrname="IND_SALE" fieldtype="string" WIDTH="10"/><FIELD attrname="IND_STORNO" fieldtype="string" WIDTH="1"/><FIELD attrname="SALE_TOTAL" fieldtype="fixedFMT" DECIMALS="2" WIDTH="18"/><FIELD attrname="FP_STRING" fieldtype="string" WIDTH="100"/></FIELDS><PARAMS DEFAULT_ORDER="4" LCID="0"/></METADATA><ROWDATA><ROW FMIN_CODE="999999" DTM_ZET="2012-10-12 15:32:52" TRM_ID="001" DTM_TRAN="2012-10-12 15:31:11:337" BON_ID="2" USR_ID="0999" ART_ID="1001" TAX_ID="4" ART_DESC="Hleb" SALE_PRICE="40.00" SALE_QTY="3.000" DISC_PERC="-10.00" DISC_ABS="0.00" IND_STORNO="N" SALE_TOTAL="108.00" FP_STRING="S6*3.000"/><ROW FMIN_CODE="999999" DTM_ZET="2012-10-12 15:32:52" TRM_ID="001" DTM_TRAN="2012-10-12 15:31:11:855" BON_ID="2" USR_ID="0999" ART_ID="1002" TAX_ID="3" ART_DESC="Pivo Heineken" SALE_PRICE="100.00" SALE_QTY="1.000" DISC_PERC="0.00" DISC_ABS="0.00" IND_STORNO="N" SALE_TOTAL="100.00" FP_STRING="S7*1.000"/><ROW FMIN_CODE="999999" DTM_ZET="2012-10-12 15:32:52" TRM_ID="001" DTM_TRAN="2012-10-12 15:31:12:069" BON_ID="2" USR_ID="0999" ART_ID="1003" TAX_ID="4" ART_DESC="Mleko" SALE_PRICE="60.00" SALE_QTY="2.000" DISC_PERC="0.00" DISC_ABS="0.00" IND_STORNO="N" SALE_TOTAL="120.00" FP_STRING="S8*2.000"/><ROW FMIN_CODE="999999" DTM_ZET="2012-10-12 15:32:52" TRM_ID="001" DTM_TRAN="2012-10-12 15:31:12:224" BON_ID="2" USR_ID="0999" ART_ID="1004" TAX_ID="3" ART_DESC="Cokolada Milka" SALE_PRICE="100.00" SALE_QTY="2.000" DISC_PERC="-5.00" DISC_ABS="0.00" IND_STORNO="N" SALE_TOTAL="190.00" FP_STRING="S9*2.000"/><ROW FMIN_CODE="999999" DTM_ZET="2012-10-12 15:32:52" TRM_ID="001" DTM_TRAN="2012-10-12 15:31:12:882" BON_ID="2" USR_ID="0999" ART_ID="1001" TAX_ID="4" ART_DESC="Hleb" SALE_PRICE="40.00" SALE_QTY="1.000" DISC_PERC="0.00" DISC_ABS="0.00" IND_STORNO="N" SALE_TOTAL="40.00" FP_STRING="S6*1.000"/></ROWDATA></DATAPACKET>