<?xml version="1.0" encoding="UTF-8" standalone="yes"?>  <DATAPACKET Version="2.0"><METADATA><FIELDS><FIELD attrname="FMIN_CODE" fieldtype="string" required="true" WIDTH="10"/><FIELD attrname="DTM_ZET" fieldtype="string" WIDTH="25"/><FIELD attrname="TRM_ID" fieldtype="string" WIDTH="10"/><FIELD attrname="DTM_TRAN" fieldtype="string" required="true" WIDTH="25"/><FIELD attrname="BON_ID" fieldtype="i4"/><FIELD attrname="USR_ID" fieldtype="string" WIDTH="10"/><FIELD attrname="PAY_TYPE" fieldtype="string" WIDTH="20"/><FIELD attrname="PAY_DESC" fieldtype="string" WIDTH="50"/><FIELD attrname="PAY_AMOUNT" fieldtype="fixedFMT" DECIMALS="2" WIDTH="18"/></FIELDS><PARAMS LCID="0"/></METADATA><ROWDATA><ROW FMIN_CODE="999999" DTM_ZET="2012-10-12 15:32:52" TRM_ID="001" DTM_TRAN="2012-10-12 15:31:16:960" BON_ID="2" USR_ID="0999" PAY_TYPE="FP_RETURN" PAY_DESC="" PAY_AMOUNT="-42.00"/><ROW FMIN_CODE="999999" DTM_ZET="2012-10-12 15:32:52" TRM_ID="001" DTM_TRAN="2012-10-12 15:31:14:682" BON_ID="2" USR_ID="0999" PAY_TYPE="PAY_DEBIT" PAY_DESC="Prvo placanje" PAY_AMOUNT="120.00"/><ROW FMIN_CODE="999999" DTM_ZET="2012-10-12 15:32:52" TRM_ID="001" DTM_TRAN="2012-10-12 15:31:15:332" BON_ID="2" USR_ID="0999" PAY_TYPE="PAY_CHEQUE" PAY_DESC="Drugo placanje" PAY_AMOUNT="100.00"/><ROW FMIN_CODE="999999" DTM_ZET="2012-10-12 15:32:52" TRM_ID="001" DTM_TRAN="2012-10-12 15:31:15:921" BON_ID="2" USR_ID="0999" PAY_TYPE="PAY_CASH" PAY_DESC="Trece placanje" PAY_AMOUNT="300.00"/><ROW FMIN_CODE="999999" DTM_ZET="2012-10-12 15:32:52" TRM_ID="001" DTM_TRAN="2012-10-12 15:31:16:340" BON_ID="2" USR_ID="0999" PAY_TYPE="PAY_DEBIT" PAY_DESC="Cetvrto placanje" PAY_AMOUNT="80.00"/></ROWDATA></DATAPACKET>