<?xml version="1.0" encoding="UTF-8" standalone="yes"?>  <DATAPACKET Version="2.0"><METADATA><FIELDS><FIELD attrname="FMIN_CODE" fieldtype="string" required="true" WIDTH="10"/><FIELD attrname="DTM_ZET" fieldtype="string" required="true" WIDTH="25"/><FIELD attrname="TRM_ID" fieldtype="string" WIDTH="10"/><FIELD attrname="FP_TOTAL" fieldtype="fixedFMT" DECIMALS="2" WIDTH="18"/><FIELD attrname="FP_SUM_TG0" fieldtype="fixedFMT" DECIMALS="2" WIDTH="18"/><FIELD attrname="FP_SUM_TG1" fieldtype="fixedFMT" DECIMALS="2" WIDTH="18"/><FIELD attrname="FP_SUM_TG2" fieldtype="fixedFMT" DECIMALS="2" WIDTH="18"/><FIELD attrname="FP_SUM_TG3" fieldtype="fixedFMT" DECIMALS="2" WIDTH="18"/><FIELD attrname="FP_SUM_TG4" fieldtype="fixedFMT" DECIMALS="2" WIDTH="18"/><FIELD attrname="FP_SUM_TG5" fieldtype="fixedFMT" DECIMALS="2" WIDTH="18"/><FIELD attrname="FP_SUM_TG6" fieldtype="fixedFMT" DECIMALS="2" WIDTH="18"/><FIELD attrname="FP_SUM_TG7" fieldtype="fixedFMT" DECIMALS="2" WIDTH="18"/><FIELD attrname="FP_SUM_TG8" fieldtype="fixedFMT" DECIMALS="2" WIDTH="18"/></FIELDS><PARAMS LCID="0"/></METADATA><ROWDATA><ROW FMIN_CODE="999999" DTM_ZET="2012-10-12 15:32:52" TRM_ID="001" FP_TOTAL="558.00" FP_SUM_TG0="0.00" FP_SUM_TG1="0.00" FP_SUM_TG2="0.00" FP_SUM_TG3="290.00" FP_SUM_TG4="268.00" FP_SUM_TG5="0.00" FP_SUM_TG6="0.00" FP_SUM_TG7="0.00" FP_SUM_TG8="0.00"/></ROWDATA></DATAPACKET>